Name,Position
D.J. Augustin,PG
Wade BaldwinIV,PG
J.J. Barea,PG
Jerryd Bayless,PG
Patrick Beverley,PG
Eric Bledsoe,PG
Aaron Brooks,PG
Bobby Brown,PG
Trey Burke,PG
Jose Calderon,PG
Isaiah Canaan,PG
Michael Carter-Williams,PG
Semaj Christon,PG
Jordan Clarkson,PG
Darren Collison,PG
Mike Conley,PG
Stephen Curry,PG
Malcolm Delaney,PG
Matthew Dellavedova,PG
Spencer Dinwiddie,PG
Goran Dragic,PG
Kris Dunn,PG
Tyler Ennis,PG
Dante Exum,PG
Kay Felder,PG
Raymond Felton,PG
Tim Frazier,PG
Jonathan Gibson,PG
Jerian Grant,PG
Devin Harris,PG
Andrew Harrison,PG
George Hill,PG
Jrue Holiday,PG
Marcelo Huertas,PG
Kyrie Irving,PG
Demetrius Jackson,PG
Reggie Jackson,PG
Brandon Jennings,PG
Tyus Jones,PG
Cory Joseph,PG
Brandon Knight,PG
Zach LaVine,PG
Ty Lawson,PG
Damian Lillard,PG
Jeremy Lin,PG
Shaun Livingston,PG
Kyle Lowry,PG
Shelvin Mack,PG
Patrick McCaw,PG
T.J. McConnell,PG
Patty Mills,PG
Emmanuel Mudiay,PG
Dejounte Murray,PG
Shabazz Napier,PG
Jameer Nelson,PG
Raul Neto,PG
Tony Parker,PG
Chris Paul,PG
Cameron Payne,PG
Elfrid Payton,PG
Chasson Randle,PG
Austin Rivers,PG
Brian Roberts,PG
Sergio Rodriguez,PG
Rajon Rondo,PG
Derrick Rose,PG
Terry Rozier,PG
Ricky Rubio,PG
D'Angelo Russell,PG
Dennis Schroder,PG
Ramon Sessions,PG
Marcus Smart,PG
Ish Smith,PG
Rodney Stuckey,PG
Jeff Teague,PG
Isaiah Thomas,PG
Beno Udrih,PG
Tyler Ulis,PG
Fred VanVleet,PG
Kemba Walker,PG
John Wall,PG
C.J. Watson,PG
Russell Westbrook,PG
Isaiah Whitehead,PG
Deron Williams,PG
Mo Williams,PG
Delon Wright,PG
Joe Young,PG
Alex Abrines,PG
Arron Afflalo,PG
Tony Allen,PG
Alan Anderson,PG
Justin Anderson,PG
Kyle Anderson,PG
Ron Baker,PG
Leandro Barbosa,PG
Will Barton,PG
Nicolas Batum,PG
Bradley Beal,PG
Malik Beasley,PG
Marco Belinelli,PG
Bojan Bogdanovic,PG
Devin Booker,PG
Avery Bradley,PG
Malcolm Brogdon,PG
Alec Burks,PG
Kentavious Caldwell-Pope,PG
Vince Carter,PG
Ian Clark,PG
Pat Connaughton,PG
Allen Crabbe,PG
Jamal Crawford,PG
Seth Curry,PG
Troy Daniels,PG
DeMar DeRozan,PG
Mike Dunleavy,PG
Wayne Ellington,PG
Monta Ellis,PG
Tyreke Evans,PG
Bryn Forbes,PG
Evan Fournier,PG
Randy Foye,PG
Langston Galloway,PG
Michael Gbinije,PG
Manu Ginobili,PG
Eric Gordon,PG
Treveon Graham,PG
Danny Green,PG
Tim HardawayJr.,PG
James Harden,PG
Gary Harris,PG
Aaron Harrison,PG
Gerald Henderson,PG
Mario Hezonja,PG
Buddy Hield,PG
Darrun Hilliard,PG
Justin Holiday,PG
Rodney Hood,PG
Tyler Johnson,PG
James Jones,PG
Sean Kilpatrick,PG
Kyle Korver,PG
Jeremy Lamb,PG
Courtney Lee,PG
Caris LeVert,PG
DeAndre Liggins,PG
Timothe Luwawu-Cabarrot,PG
Wesley Matthews,PG
Sheldon McClellan,PG
C.J. McCollum,PG
K.J. McDaniels,PG
Rodney McGruder,PG
Ben McLemore,PG
Jordan McRae,PG
Jodie Meeks,PG
Khris Middleton,PG
Mike Miller,PG
E'Twaun Moore,PG
Anthony Morrow,PG
Jamal Murray,PG
Victor Oladipo,PG
Quincy Pondexter,PG
Norman Powell,PG
Tim Quarterman,PG
J.J. Redick,PG
Josh Richardson,PG
Malachi Richardson,PG
Glenn RobinsonIII,PG
Brandon Rush,PG
Tomas Satoransky,PG
Iman Shumpert,PG
Jonathon Simmons,PG
J.R. Smith,PG
Tony Snell,PG
Nik Stauskas,PG
Garrett Temple,PG
Jason Terry,PG
Klay Thompson,PG
Marcus Thornton,PG
Evan Turner,PG
Denzel Valentine,PG
Rashad Vaughn,PG
Sasha Vujacic,PG
Dwyane Wade,PG
Dion Waiters,PG
CJ Wilcox,PG
Louis Williams,PG
James Young,PG
Nick Young,PG
Quincy Acy,SF
Al-Farouq Aminu,SF
Giannis Antetokounmpo,SF
Carmelo Anthony,SF
Trevor Ariza,SF
Luke Babbitt,SF
Harrison Barnes,SF
Matt Barnes,SF
Kent Bazemore,SF
Michael Beasley,SF
DeAndre Bembry,SF
Davis Bertans,SF
Corey Brewer,SF
Jaylen Brown,SF
Nicolas Brussino,SF
Reggie Bullock,SF
Jimmy Butler,SF
Bruno Caboclo,SF
DeMarre Carroll,SF
Omri Casspi,SF
Wilson Chandler,SF
Robert Covington,SF
Jae Crowder,SF
Sam Dekker,SF
Luol Deng,SF
Jared Dudley,SF
Kevin Durant,SF
James Ennis,SF
Dorian Finney-Smith,SF
Danilo Gallinari,SF
Rudy Gay,SF
Alonzo Gee,SF
Paul George,SF
Jerami Grant,SF
Gerald Green,SF
Jeff Green,SF
Maurice Harkless,SF
Joe Harris,SF
Tobias Harris,SF
Gordon Hayward,SF
Solomon Hill,SF
Rondae Hollis-Jefferson,SF
Josh Huestis,SF
Andre Iguodala,SF
Joe Ingles,SF
Brandon Ingram,SF
LeBron James,SF
Richard Jefferson,SF
Brice Johnson,SF
Joe Johnson,SF
Stanley Johnson,SF
Wesley Johnson,SF
Derrick JonesJr.,SF
Michael Kidd-Gilchrist,SF
Mindaugas Kuzminskas,SF
Jake Layman,SF
Kawhi Leonard,SF
Kevon Looney,SF
JamesMichael McAdoo,SF
Doug McDermott,SF
C.J. Miles,SF
Shabazz Muhammad,SF
MauriceDaly Ndour,SF
Georges Niang,SF
Steve Novak,SF
Kelly OubreJr.,SF
Chandler Parsons,SF
Paul Pierce,SF
Otto PorterJr.,SF
Taurean Prince,SF
Andre Roberson,SF
Terrence Ross,SF
Damjan Rudez,SF
Thabo Sefolosha,SF
Ben Simmons,SF
Kyle Singler,SF
Lance Thomas,SF
P.J. Tucker,SF
TJ Warren,SF
Andrew Wiggins,SF
Troy Williams,SF
Kyle Wiltjer,SF
Justise Winslow,SF
Metta WorldPeace,SF
Paul Zipser,SF
LaMarcus Aldridge,PF
Lavoy Allen,PF
Chris Andersen,PF
Ryan Anderson,PF
Darrell Arthur,PF
Brandon Bass,PF
Dragan Bender,PF
Nemanja Bjelica,PF
Joel Bolomboy,PF
Trevor Booker,PF
Chris Bosh,PF
Marquese Chriss,PF
Rakeem Christmas,PF
Nick Collison,PF
DeMarcus Cousins,PF
Dante Cunningham,PF
Anthony Davis,PF
Deyonta Davis,PF
Ed Davis,PF
Cheick Diallo,PF
Gorgui Dieng,PF
Henry Ellenson,PF
Jarrid Famous,PF
Kenneth Faried,PF
Derrick Favors,PF
Cristiano Felicio,PF
Channing Frye,PF
Taj Gibson,PF
Aaron Gordon,PF
Draymond Green,PF
JaMychal Green,PF
Blake Griffin,PF
Montrezl Harrell,PF
Udonis Haslem,PF
Spencer Hawes,PF
Juancho Hernangomez,PF
Jordan Hill,PF
Richaun Holmes,PF
Danuel HouseJr.,PF
Kris Humphries,PF
Serge Ibaka,PF
Ersan Ilyasova,PF
Jonas Jerebko,PF
Amir Johnson,PF
Brice Johnson,PF
James Johnson,PF
Nikola Jokic,PF
Terrence Jones,PF
Skal Labissiere,PF
David Lee,PF
Meyers Leonard,PF
Jon Leuer,PF
Kevin Love,PF
Trey Lyles,PF
Thon Maker,PF
Jarell Martin,PF
Luc MbahaMoute,PF
Chris McCullough,PF
Josh McRoberts,PF
Jordan Mickey,PF
Paul Millsap,PF
Nikola Mirotic,PF
Marcus Morris,PF
Markieff Morris,PF
Donatas Motiejunas,PF
Mike Muscala,PF
Larry NanceJr.,PF
Andrew Nicholson,PF
Nerlens Noel,PF
Dirk Nowitzki,PF
Daniel Ochefu,PF
Chinanu Onuaku,PF
Jabari Parker,PF
Patrick Patterson,PF
Adreian Payne,PF
Bobby Portis,PF
Kristaps Porzingis,PF
Dwight Powell,PF
Julius Randle,PF
Zach Randolph,PF
Willie Reed,PF
Thomas Robinson,PF
Domantas Sabonis,PF
Dario Saric,PF
Luis Scola,PF
Mike Scott,PF
Pascal Siakam,PF
Jason Smith,PF
Mirza Teletovic,PF
Anthony Tolliver,PF
Noah Vonleh,PF
David West,PF
Alan Williams,PF
Derrick Williams,PF
Marvin Williams,PF
Kyle Wiltjer,PF
Christian Wood,PF
Brandan Wright,PF
Thaddeus Young,PF
Steven Adams,C
Alexis Ajinca,C
Cole Aldrich,C
Omer Asik,C
Aron Baynes,C
Bismack Biyombo,C
Tarik Black,C
Andrew Bogut,C
Clint Capela,C
Willie Cauley-Stein,C
Tyson Chandler,C
Dewayne Dedmon,C
Boris Diaw,C
Andre Drummond,C
Joel Embiid,C
Festus Ezeli,C
Marc Gasol,C
Pau Gasol,C
Rudy Gobert,C
Marcin Gortat,C
Justin Hamilton,C
A.J. Hammons,C
John Henson,C
Willy Hernangomez,C
Roy Hibbert,C
Nene Hilario,C
Al Horford,C
Dwight Howard,C
Al Jefferson,C
Damian Jones,C
DeAndre Jordan,C
Frank KaminskyIII,C
Enes Kanter,C
Kosta Koufos,C
Joffrey Lauvergne,C
Alex Len,C
Brook Lopez,C
Robin Lopez,C
Ian Mahinmi,C
Boban Marjanovic,C
JaVale McGee,C
Salah Mejri,C
Greg Monroe,C
Timofey Mozgov,C
Joakim Noah,C
Lucas Nogueira,C
Jusuf Nurkic,C
Kyle O'Quinn,C
Jahlil Okafor,C
Kelly Olynyk,C
Zaza Pachulia,C
Georgios Papagiannis,C
Nikola Pekovic,C
Marshall Plumlee,C
Mason Plumlee,C
Miles Plumlee,C
Jakob Poeltl,C
Kevin Seraphin,C
Marreese Speights,C
Tiago Splitter,C
Diamond Stone,C
Jared Sullinger,C
Tristan Thompson,C
Karl-Anthony Towns,C
Myles Turner,C
Jonas Valanciunas,C
Anderson Varejao,C
Nikola Vucevic,C
Hassan Whiteside,C
Jeff Withey,C
Cody Zeller,C
Tyler Zeller,C
Stephen Zimmerman,C
Ivica Zubac,C
